seed,sample,ranking_score
1,0,0.8450315156800831
1,1,0.8376500878210156
1,2,0.8449443698550905
1,3,0.3698239937214308
1,4,0.848244342409884
