seed,sample,ranking_score
1,0,0.47912429930673006
1,1,0.7563514340393152
1,2,0.7741005871713105
1,3,0.7674898481885473
1,4,0.3228985923604303
